<?xml version="1.0" ?>
<LOG_ROOT>
	<PROJECT NAME="DFT">
		<CBX_INST_ENTRY INSTANCE_NAME="|DFT|altsyncram:X_mag_rtl_0" CBX_FILE_NAME="altsyncram_9fc1.tdf"/>
		<CBX_INST_ENTRY INSTANCE_NAME="|DFT|cosrom:cos|altsyncram:altsyncram_component" CBX_FILE_NAME="altsyncram_ts81.tdf"/>
		<CBX_INST_ENTRY INSTANCE_NAME="|DFT|lpm_mult:Mult0" CBX_FILE_NAME="mult_22t.tdf"/>
		<CBX_INST_ENTRY INSTANCE_NAME="|DFT|sinrom:sin|altsyncram:altsyncram_component" CBX_FILE_NAME="altsyncram_2t81.tdf"/>
		<CBX_INST_ENTRY INSTANCE_NAME="|DFT|altsyncram:X_mag_rtl_1" CBX_FILE_NAME="altsyncram_8ei1.tdf"/>
		<CBX_INST_ENTRY INSTANCE_NAME="|DFT|lpm_add_sub:Add2" CBX_FILE_NAME="add_sub_dui.tdf"/>
		<CBX_INST_ENTRY INSTANCE_NAME="|DFT|lpm_divide:Mod0" CBX_FILE_NAME="lpm_divide_j8m.tdf"/>
		<CBX_INST_ENTRY INSTANCE_NAME="|DFT|lpm_mult:Mult1" CBX_FILE_NAME="mult_22t.tdf"/>
	</PROJECT>
</LOG_ROOT>
