<?xml version="1.0" ?>
<LOG_ROOT>
	<PROJECT NAME="DFT">
		<CBX_INST_ENTRY INSTANCE_NAME="|DFT|lpm_mult:Mult10|multcore:mult_core|mpar_add:padder|mpar_add:sub_par_add|lpm_add_sub:adder[0]" CBX_FILE_NAME="add_sub_9jh.tdf"/>
		<CBX_INST_ENTRY INSTANCE_NAME="|DFT|lpm_mult:Mult1|multcore:mult_core|mpar_add:padder|mpar_add:sub_par_add|lpm_add_sub:adder[0]" CBX_FILE_NAME="add_sub_9jh.tdf"/>
		<CBX_INST_ENTRY INSTANCE_NAME="|DFT|lpm_mult:Mult21|multcore:mult_core|mpar_add:padder|lpm_add_sub:adder[0]" CBX_FILE_NAME="add_sub_88h.tdf"/>
		<CBX_INST_ENTRY INSTANCE_NAME="|DFT|lpm_mult:Mult20|multcore:mult_core|mpar_add:padder|mpar_add:sub_par_add|lpm_add_sub:adder[0]" CBX_FILE_NAME="add_sub_ajh.tdf"/>
		<CBX_INST_ENTRY INSTANCE_NAME="|DFT|lpm_mult:Mult22|multcore:mult_core|mpar_add:padder|lpm_add_sub:adder[0]" CBX_FILE_NAME="add_sub_88h.tdf"/>
		<CBX_INST_ENTRY INSTANCE_NAME="|DFT|lpm_mult:Mult40|multcore:mult_core|mpar_add:padder|lpm_add_sub:adder[0]" CBX_FILE_NAME="add_sub_d8h.tdf"/>
		<CBX_INST_ENTRY INSTANCE_NAME="|DFT|lpm_mult:Mult12|multcore:mult_core|mpar_add:padder|mpar_add:sub_par_add|lpm_add_sub:adder[0]" CBX_FILE_NAME="add_sub_ajh.tdf"/>
		<CBX_INST_ENTRY INSTANCE_NAME="|DFT|lpm_mult:Mult23|multcore:mult_core|mpar_add:padder|lpm_add_sub:adder[0]" CBX_FILE_NAME="add_sub_88h.tdf"/>
		<CBX_INST_ENTRY INSTANCE_NAME="|DFT|lpm_mult:Mult30|multcore:mult_core|mpar_add:padder|mpar_add:sub_par_add|lpm_add_sub:adder[0]" CBX_FILE_NAME="add_sub_ajh.tdf"/>
		<CBX_INST_ENTRY INSTANCE_NAME="|DFT|lpm_mult:Mult3|multcore:mult_core|mpar_add:padder|mpar_add:sub_par_add|lpm_add_sub:adder[0]" CBX_FILE_NAME="add_sub_9jh.tdf"/>
		<CBX_INST_ENTRY INSTANCE_NAME="|DFT|lpm_mult:Mult41|multcore:mult_core|mpar_add:padder|lpm_add_sub:adder[0]" CBX_FILE_NAME="add_sub_b8h.tdf"/>
		<CBX_INST_ENTRY INSTANCE_NAME="|DFT|lpm_mult:Mult22|multcore:mult_core|mpar_add:padder|mpar_add:sub_par_add|lpm_add_sub:adder[0]" CBX_FILE_NAME="add_sub_6jh.tdf"/>
		<CBX_INST_ENTRY INSTANCE_NAME="|DFT|lpm_mult:Mult24|multcore:mult_core|mpar_add:padder|lpm_add_sub:adder[0]" CBX_FILE_NAME="add_sub_c8h.tdf"/>
		<CBX_INST_ENTRY INSTANCE_NAME="|DFT|lpm_mult:Mult40|multcore:mult_core|mpar_add:padder|mpar_add:sub_par_add|lpm_add_sub:adder[0]" CBX_FILE_NAME="add_sub_5jh.tdf"/>
		<CBX_INST_ENTRY INSTANCE_NAME="|DFT|lpm_mult:Mult42|multcore:mult_core|mpar_add:padder|lpm_add_sub:adder[0]" CBX_FILE_NAME="add_sub_b8h.tdf"/>
		<CBX_INST_ENTRY INSTANCE_NAME="|DFT|lpm_mult:Mult14|multcore:mult_core|mpar_add:padder|mpar_add:sub_par_add|lpm_add_sub:adder[0]" CBX_FILE_NAME="add_sub_ajh.tdf"/>
		<CBX_INST_ENTRY INSTANCE_NAME="|DFT|lpm_mult:Mult25|multcore:mult_core|mpar_add:padder|lpm_add_sub:adder[0]" CBX_FILE_NAME="add_sub_f8h.tdf"/>
		<CBX_INST_ENTRY INSTANCE_NAME="|DFT|lpm_mult:Mult32|multcore:mult_core|mpar_add:padder|mpar_add:sub_par_add|lpm_add_sub:adder[0]" CBX_FILE_NAME="add_sub_ajh.tdf"/>
		<CBX_INST_ENTRY INSTANCE_NAME="|DFT|lpm_mult:Mult43|multcore:mult_core|mpar_add:padder|lpm_add_sub:adder[0]" CBX_FILE_NAME="add_sub_b8h.tdf"/>
		<CBX_INST_ENTRY INSTANCE_NAME="|DFT|lpm_mult:Mult5|multcore:mult_core|mpar_add:padder|mpar_add:sub_par_add|lpm_add_sub:adder[0]" CBX_FILE_NAME="add_sub_ajh.tdf"/>
		<CBX_INST_ENTRY INSTANCE_NAME="|DFT|lpm_mult:Mult24|multcore:mult_core|mpar_add:padder|mpar_add:sub_par_add|lpm_add_sub:adder[0]" CBX_FILE_NAME="add_sub_ajh.tdf"/>
		<CBX_INST_ENTRY INSTANCE_NAME="|DFT|lpm_mult:Mult26|multcore:mult_core|mpar_add:padder|lpm_add_sub:adder[0]" CBX_FILE_NAME="add_sub_c8h.tdf"/>
		<CBX_INST_ENTRY INSTANCE_NAME="|DFT|lpm_mult:Mult42|multcore:mult_core|mpar_add:padder|mpar_add:sub_par_add|lpm_add_sub:adder[0]" CBX_FILE_NAME="add_sub_9jh.tdf"/>
		<CBX_INST_ENTRY INSTANCE_NAME="|DFT|lpm_mult:Mult44|multcore:mult_core|mpar_add:padder|lpm_add_sub:adder[0]" CBX_FILE_NAME="add_sub_98h.tdf"/>
		<CBX_INST_ENTRY INSTANCE_NAME="|DFT|lpm_mult:Mult16|multcore:mult_core|mpar_add:padder|mpar_add:sub_par_add|lpm_add_sub:adder[0]" CBX_FILE_NAME="add_sub_ajh.tdf"/>
		<CBX_INST_ENTRY INSTANCE_NAME="|DFT|lpm_mult:Mult27|multcore:mult_core|mpar_add:padder|lpm_add_sub:adder[0]" CBX_FILE_NAME="add_sub_e8h.tdf"/>
		<CBX_INST_ENTRY INSTANCE_NAME="|DFT|lpm_mult:Mult34|multcore:mult_core|mpar_add:padder|mpar_add:sub_par_add|lpm_add_sub:adder[0]" CBX_FILE_NAME="add_sub_9jh.tdf"/>
		<CBX_INST_ENTRY INSTANCE_NAME="|DFT|lpm_mult:Mult7|multcore:mult_core|mpar_add:padder|mpar_add:sub_par_add|lpm_add_sub:adder[0]" CBX_FILE_NAME="add_sub_9jh.tdf"/>
		<CBX_INST_ENTRY INSTANCE_NAME="|DFT|sinrom:sin|altsyncram:altsyncram_component" CBX_FILE_NAME="altsyncram_2t81.tdf"/>
		<CBX_INST_ENTRY INSTANCE_NAME="|DFT|lpm_mult:Mult26|multcore:mult_core|mpar_add:padder|mpar_add:sub_par_add|lpm_add_sub:adder[0]" CBX_FILE_NAME="add_sub_ajh.tdf"/>
		<CBX_INST_ENTRY INSTANCE_NAME="|DFT|lpm_mult:Mult28|multcore:mult_core|mpar_add:padder|lpm_add_sub:adder[0]" CBX_FILE_NAME="add_sub_c8h.tdf"/>
		<CBX_INST_ENTRY INSTANCE_NAME="|DFT|lpm_mult:Mult44|multcore:mult_core|mpar_add:padder|mpar_add:sub_par_add|lpm_add_sub:adder[0]" CBX_FILE_NAME="add_sub_7jh.tdf"/>
		<CBX_INST_ENTRY INSTANCE_NAME="|DFT|lpm_mult:Mult18|multcore:mult_core|mpar_add:padder|mpar_add:sub_par_add|lpm_add_sub:adder[0]" CBX_FILE_NAME="add_sub_ajh.tdf"/>
		<CBX_INST_ENTRY INSTANCE_NAME="|DFT|lpm_mult:Mult29|multcore:mult_core|mpar_add:padder|lpm_add_sub:adder[0]" CBX_FILE_NAME="add_sub_e8h.tdf"/>
		<CBX_INST_ENTRY INSTANCE_NAME="|DFT|lpm_mult:Mult36|multcore:mult_core|mpar_add:padder|mpar_add:sub_par_add|lpm_add_sub:adder[0]" CBX_FILE_NAME="add_sub_ajh.tdf"/>
		<CBX_INST_ENTRY INSTANCE_NAME="|DFT|lpm_mult:Mult9|multcore:mult_core|mpar_add:padder|mpar_add:sub_par_add|lpm_add_sub:adder[0]" CBX_FILE_NAME="add_sub_ajh.tdf"/>
		<CBX_INST_ENTRY INSTANCE_NAME="|DFT|lpm_mult:Mult19|multcore:mult_core|mpar_add:padder|mpar_add:sub_par_add|lpm_add_sub:adder[0]" CBX_FILE_NAME="add_sub_4jh.tdf"/>
		<CBX_INST_ENTRY INSTANCE_NAME="|DFT|lpm_mult:Mult28|multcore:mult_core|mpar_add:padder|mpar_add:sub_par_add|lpm_add_sub:adder[0]" CBX_FILE_NAME="add_sub_ajh.tdf"/>
		<CBX_INST_ENTRY INSTANCE_NAME="|DFT|lpm_mult:Mult37|multcore:mult_core|mpar_add:padder|mpar_add:sub_par_add|lpm_add_sub:adder[0]" CBX_FILE_NAME="add_sub_9jh.tdf"/>
		<CBX_INST_ENTRY INSTANCE_NAME="|DFT|lpm_mult:Mult39|multcore:mult_core|mpar_add:padder|lpm_add_sub:adder[0]" CBX_FILE_NAME="add_sub_c8h.tdf"/>
		<CBX_INST_ENTRY INSTANCE_NAME="|DFT|altsyncram:X_mag_rtl_0" CBX_FILE_NAME="altsyncram_cbi1.tdf"/>
		<CBX_INST_ENTRY INSTANCE_NAME="|DFT|lpm_mult:Mult29|multcore:mult_core|mpar_add:padder|mpar_add:sub_par_add|lpm_add_sub:adder[0]" CBX_FILE_NAME="add_sub_3jh.tdf"/>
		<CBX_INST_ENTRY INSTANCE_NAME="|DFT|lpm_mult:Mult38|multcore:mult_core|mpar_add:padder|mpar_add:sub_par_add|lpm_add_sub:adder[0]" CBX_FILE_NAME="add_sub_8jh.tdf"/>
		<CBX_INST_ENTRY INSTANCE_NAME="|DFT|lpm_mult:Mult39|multcore:mult_core|mpar_add:padder|mpar_add:sub_par_add|lpm_add_sub:adder[0]" CBX_FILE_NAME="add_sub_ajh.tdf"/>
		<CBX_INST_ENTRY INSTANCE_NAME="|DFT|cosrom:cos|altsyncram:altsyncram_component" CBX_FILE_NAME="altsyncram_ts81.tdf"/>
		<CBX_INST_ENTRY INSTANCE_NAME="|DFT|altsyncram:X_in1_rtl_0" CBX_FILE_NAME="altsyncram_nug1.tdf"/>
		<CBX_INST_ENTRY INSTANCE_NAME="|DFT|lpm_divide:Mod0" CBX_FILE_NAME="lpm_divide_j8m.tdf"/>
		<CBX_INST_ENTRY INSTANCE_NAME="|DFT|lpm_mult:Mult0|multcore:mult_core|mpar_add:padder|lpm_add_sub:adder[0]" CBX_FILE_NAME="add_sub_98h.tdf"/>
		<CBX_INST_ENTRY INSTANCE_NAME="|DFT|altsyncram:X_in1_rtl_1" CBX_FILE_NAME="altsyncram_nug1.tdf"/>
		<CBX_INST_ENTRY INSTANCE_NAME="|DFT|lpm_add_sub:Add47" CBX_FILE_NAME="add_sub_eui.tdf"/>
		<CBX_INST_ENTRY INSTANCE_NAME="|DFT|lpm_mult:Mult10|multcore:mult_core|mpar_add:padder|lpm_add_sub:adder[0]" CBX_FILE_NAME="add_sub_b8h.tdf"/>
		<CBX_INST_ENTRY INSTANCE_NAME="|DFT|lpm_mult:Mult1|multcore:mult_core|mpar_add:padder|lpm_add_sub:adder[0]" CBX_FILE_NAME="add_sub_b8h.tdf"/>
		<CBX_INST_ENTRY INSTANCE_NAME="|DFT|lpm_mult:Mult0|multcore:mult_core|mpar_add:padder|mpar_add:sub_par_add|lpm_add_sub:adder[0]" CBX_FILE_NAME="add_sub_7jh.tdf"/>
		<CBX_INST_ENTRY INSTANCE_NAME="|DFT|lpm_mult:Mult11|multcore:mult_core|mpar_add:padder|lpm_add_sub:adder[0]" CBX_FILE_NAME="add_sub_d8h.tdf"/>
		<CBX_INST_ENTRY INSTANCE_NAME="|DFT|lpm_mult:Mult20|multcore:mult_core|mpar_add:padder|lpm_add_sub:adder[0]" CBX_FILE_NAME="add_sub_c8h.tdf"/>
		<CBX_INST_ENTRY INSTANCE_NAME="|DFT|lpm_mult:Mult2|multcore:mult_core|mpar_add:padder|lpm_add_sub:adder[0]" CBX_FILE_NAME="add_sub_b8h.tdf"/>
		<CBX_INST_ENTRY INSTANCE_NAME="|DFT|lpm_mult:Mult12|multcore:mult_core|mpar_add:padder|lpm_add_sub:adder[0]" CBX_FILE_NAME="add_sub_c8h.tdf"/>
		<CBX_INST_ENTRY INSTANCE_NAME="|DFT|lpm_mult:Mult30|multcore:mult_core|mpar_add:padder|lpm_add_sub:adder[0]" CBX_FILE_NAME="add_sub_c8h.tdf"/>
		<CBX_INST_ENTRY INSTANCE_NAME="|DFT|lpm_mult:Mult3|multcore:mult_core|mpar_add:padder|lpm_add_sub:adder[0]" CBX_FILE_NAME="add_sub_b8h.tdf"/>
		<CBX_INST_ENTRY INSTANCE_NAME="|DFT|lpm_mult:Mult11|multcore:mult_core|mpar_add:padder|mpar_add:sub_par_add|lpm_add_sub:adder[0]" CBX_FILE_NAME="add_sub_5jh.tdf"/>
		<CBX_INST_ENTRY INSTANCE_NAME="|DFT|lpm_mult:Mult13|multcore:mult_core|mpar_add:padder|lpm_add_sub:adder[0]" CBX_FILE_NAME="add_sub_d8h.tdf"/>
		<CBX_INST_ENTRY INSTANCE_NAME="|DFT|lpm_mult:Mult2|multcore:mult_core|mpar_add:padder|mpar_add:sub_par_add|lpm_add_sub:adder[0]" CBX_FILE_NAME="add_sub_9jh.tdf"/>
		<CBX_INST_ENTRY INSTANCE_NAME="|DFT|lpm_mult:Mult31|multcore:mult_core|mpar_add:padder|lpm_add_sub:adder[0]" CBX_FILE_NAME="add_sub_d8h.tdf"/>
		<CBX_INST_ENTRY INSTANCE_NAME="|DFT|lpm_mult:Mult4|multcore:mult_core|mpar_add:padder|lpm_add_sub:adder[0]" CBX_FILE_NAME="add_sub_d8h.tdf"/>
		<CBX_INST_ENTRY INSTANCE_NAME="|DFT|lpm_mult:Mult14|multcore:mult_core|mpar_add:padder|lpm_add_sub:adder[0]" CBX_FILE_NAME="add_sub_c8h.tdf"/>
		<CBX_INST_ENTRY INSTANCE_NAME="|DFT|lpm_mult:Mult21|multcore:mult_core|mpar_add:padder|mpar_add:sub_par_add|lpm_add_sub:adder[0]" CBX_FILE_NAME="add_sub_6jh.tdf"/>
		<CBX_INST_ENTRY INSTANCE_NAME="|DFT|lpm_mult:Mult32|multcore:mult_core|mpar_add:padder|lpm_add_sub:adder[0]" CBX_FILE_NAME="add_sub_c8h.tdf"/>
		<CBX_INST_ENTRY INSTANCE_NAME="|DFT|lpm_mult:Mult5|multcore:mult_core|mpar_add:padder|lpm_add_sub:adder[0]" CBX_FILE_NAME="add_sub_c8h.tdf"/>
		<CBX_INST_ENTRY INSTANCE_NAME="|DFT|lpm_mult:Mult13|multcore:mult_core|mpar_add:padder|mpar_add:sub_par_add|lpm_add_sub:adder[0]" CBX_FILE_NAME="add_sub_5jh.tdf"/>
		<CBX_INST_ENTRY INSTANCE_NAME="|DFT|lpm_mult:Mult15|multcore:mult_core|mpar_add:padder|lpm_add_sub:adder[0]" CBX_FILE_NAME="add_sub_e8h.tdf"/>
		<CBX_INST_ENTRY INSTANCE_NAME="|DFT|lpm_mult:Mult31|multcore:mult_core|mpar_add:padder|mpar_add:sub_par_add|lpm_add_sub:adder[0]" CBX_FILE_NAME="add_sub_5jh.tdf"/>
		<CBX_INST_ENTRY INSTANCE_NAME="|DFT|lpm_mult:Mult33|multcore:mult_core|mpar_add:padder|lpm_add_sub:adder[0]" CBX_FILE_NAME="add_sub_d8h.tdf"/>
		<CBX_INST_ENTRY INSTANCE_NAME="|DFT|lpm_mult:Mult4|multcore:mult_core|mpar_add:padder|mpar_add:sub_par_add|lpm_add_sub:adder[0]" CBX_FILE_NAME="add_sub_5jh.tdf"/>
		<CBX_INST_ENTRY INSTANCE_NAME="|DFT|lpm_mult:Mult6|multcore:mult_core|mpar_add:padder|lpm_add_sub:adder[0]" CBX_FILE_NAME="add_sub_a8h.tdf"/>
		<CBX_INST_ENTRY INSTANCE_NAME="|DFT|lpm_mult:Mult16|multcore:mult_core|mpar_add:padder|lpm_add_sub:adder[0]" CBX_FILE_NAME="add_sub_c8h.tdf"/>
		<CBX_INST_ENTRY INSTANCE_NAME="|DFT|lpm_mult:Mult23|multcore:mult_core|mpar_add:padder|mpar_add:sub_par_add|lpm_add_sub:adder[0]" CBX_FILE_NAME="add_sub_6jh.tdf"/>
		<CBX_INST_ENTRY INSTANCE_NAME="|DFT|lpm_mult:Mult34|multcore:mult_core|mpar_add:padder|lpm_add_sub:adder[0]" CBX_FILE_NAME="add_sub_b8h.tdf"/>
		<CBX_INST_ENTRY INSTANCE_NAME="|DFT|lpm_mult:Mult41|multcore:mult_core|mpar_add:padder|mpar_add:sub_par_add|lpm_add_sub:adder[0]" CBX_FILE_NAME="add_sub_9jh.tdf"/>
		<CBX_INST_ENTRY INSTANCE_NAME="|DFT|lpm_mult:Mult7|multcore:mult_core|mpar_add:padder|lpm_add_sub:adder[0]" CBX_FILE_NAME="add_sub_b8h.tdf"/>
		<CBX_INST_ENTRY INSTANCE_NAME="|DFT|lpm_mult:Mult15|multcore:mult_core|mpar_add:padder|mpar_add:sub_par_add|lpm_add_sub:adder[0]" CBX_FILE_NAME="add_sub_3jh.tdf"/>
		<CBX_INST_ENTRY INSTANCE_NAME="|DFT|lpm_mult:Mult17|multcore:mult_core|mpar_add:padder|lpm_add_sub:adder[0]" CBX_FILE_NAME="add_sub_e8h.tdf"/>
		<CBX_INST_ENTRY INSTANCE_NAME="|DFT|lpm_mult:Mult33|multcore:mult_core|mpar_add:padder|mpar_add:sub_par_add|lpm_add_sub:adder[0]" CBX_FILE_NAME="add_sub_5jh.tdf"/>
		<CBX_INST_ENTRY INSTANCE_NAME="|DFT|lpm_mult:Mult35|multcore:mult_core|mpar_add:padder|lpm_add_sub:adder[0]" CBX_FILE_NAME="add_sub_c8h.tdf"/>
		<CBX_INST_ENTRY INSTANCE_NAME="|DFT|lpm_mult:Mult45" CBX_FILE_NAME="mult_f3t.tdf"/>
		<CBX_INST_ENTRY INSTANCE_NAME="|DFT|lpm_mult:Mult6|multcore:mult_core|mpar_add:padder|mpar_add:sub_par_add|lpm_add_sub:adder[0]" CBX_FILE_NAME="add_sub_8jh.tdf"/>
		<CBX_INST_ENTRY INSTANCE_NAME="|DFT|lpm_mult:Mult8|multcore:mult_core|mpar_add:padder|lpm_add_sub:adder[0]" CBX_FILE_NAME="add_sub_c8h.tdf"/>
		<CBX_INST_ENTRY INSTANCE_NAME="|DFT|lpm_mult:Mult18|multcore:mult_core|mpar_add:padder|lpm_add_sub:adder[0]" CBX_FILE_NAME="add_sub_c8h.tdf"/>
		<CBX_INST_ENTRY INSTANCE_NAME="|DFT|lpm_mult:Mult25|multcore:mult_core|mpar_add:padder|mpar_add:sub_par_add|lpm_add_sub:adder[0]" CBX_FILE_NAME="add_sub_4jh.tdf"/>
		<CBX_INST_ENTRY INSTANCE_NAME="|DFT|lpm_mult:Mult36|multcore:mult_core|mpar_add:padder|lpm_add_sub:adder[0]" CBX_FILE_NAME="add_sub_c8h.tdf"/>
		<CBX_INST_ENTRY INSTANCE_NAME="|DFT|lpm_mult:Mult43|multcore:mult_core|mpar_add:padder|mpar_add:sub_par_add|lpm_add_sub:adder[0]" CBX_FILE_NAME="add_sub_9jh.tdf"/>
		<CBX_INST_ENTRY INSTANCE_NAME="|DFT|lpm_mult:Mult46" CBX_FILE_NAME="mult_f3t.tdf"/>
		<CBX_INST_ENTRY INSTANCE_NAME="|DFT|lpm_mult:Mult9|multcore:mult_core|mpar_add:padder|lpm_add_sub:adder[0]" CBX_FILE_NAME="add_sub_c8h.tdf"/>
		<CBX_INST_ENTRY INSTANCE_NAME="|DFT|lpm_mult:Mult17|multcore:mult_core|mpar_add:padder|mpar_add:sub_par_add|lpm_add_sub:adder[0]" CBX_FILE_NAME="add_sub_3jh.tdf"/>
		<CBX_INST_ENTRY INSTANCE_NAME="|DFT|lpm_mult:Mult19|multcore:mult_core|mpar_add:padder|lpm_add_sub:adder[0]" CBX_FILE_NAME="add_sub_f8h.tdf"/>
		<CBX_INST_ENTRY INSTANCE_NAME="|DFT|lpm_mult:Mult35|multcore:mult_core|mpar_add:padder|mpar_add:sub_par_add|lpm_add_sub:adder[0]" CBX_FILE_NAME="add_sub_ajh.tdf"/>
		<CBX_INST_ENTRY INSTANCE_NAME="|DFT|lpm_mult:Mult37|multcore:mult_core|mpar_add:padder|lpm_add_sub:adder[0]" CBX_FILE_NAME="add_sub_b8h.tdf"/>
		<CBX_INST_ENTRY INSTANCE_NAME="|DFT|lpm_mult:Mult8|multcore:mult_core|mpar_add:padder|mpar_add:sub_par_add|lpm_add_sub:adder[0]" CBX_FILE_NAME="add_sub_ajh.tdf"/>
		<CBX_INST_ENTRY INSTANCE_NAME="|DFT|lpm_mult:Mult27|multcore:mult_core|mpar_add:padder|mpar_add:sub_par_add|lpm_add_sub:adder[0]" CBX_FILE_NAME="add_sub_3jh.tdf"/>
		<CBX_INST_ENTRY INSTANCE_NAME="|DFT|lpm_mult:Mult38|multcore:mult_core|mpar_add:padder|lpm_add_sub:adder[0]" CBX_FILE_NAME="add_sub_a8h.tdf"/>
	</PROJECT>
</LOG_ROOT>
