<?xml version="1.0" ?>
<LOG_ROOT>
	<PROJECT NAME="FFT_IP">
		<CBX_INST_ENTRY INSTANCE_NAME="|FFT|FFT4:fft2|asj_fft_si_se_so_b_fft_131:asj_fft_si_se_so_b_fft_131_inst|asj_fft_dft_bfp_fft_131:bfpdft|asj_fft_cmult_std_fft_131:\gen_da0:gen_std:cm1|asj_fft_pround_fft_131:\gen_ma:gen_ma_full:u1|LPM_ADD_SUB:\gbrnd:nev:gp:lpm_add_sub_component" CBX_FILE_NAME="add_sub_8mj.tdf"/>
		<CBX_INST_ENTRY INSTANCE_NAME="|FFT|FFT4:fft2|asj_fft_si_se_so_b_fft_131:asj_fft_si_se_so_b_fft_131_inst|asj_fft_dft_bfp_fft_131:bfpdft|asj_fft_cmult_std_fft_131:\gen_da0:gen_std:cm2|asj_fft_pround_fft_131:\gen_ma:gen_ma_full:u0|LPM_ADD_SUB:\gbrnd:nev:gp:lpm_add_sub_component" CBX_FILE_NAME="add_sub_8mj.tdf"/>
		<CBX_INST_ENTRY INSTANCE_NAME="|FFT|FFT4:fft2|asj_fft_si_se_so_b_fft_131:asj_fft_si_se_so_b_fft_131_inst|auk_dspip_avalon_streaming_sink_fft_131:auk_dsp_atlantic_sink_1|scfifo:\normal_fifo:fifo_eab_on:in_fifo" CBX_FILE_NAME="scfifo_ich1.tdf"/>
		<CBX_INST_ENTRY INSTANCE_NAME="|FFT|FFT4:fft2|asj_fft_si_se_so_b_fft_131:asj_fft_si_se_so_b_fft_131_inst|asj_fft_dft_bfp_fft_131:bfpdft|asj_fft_cmult_std_fft_131:\gen_da0:gen_std:cm2|asj_fft_pround_fft_131:\gen_ma:gen_ma_full:u1|LPM_ADD_SUB:\gbrnd:nev:gp:lpm_add_sub_component" CBX_FILE_NAME="add_sub_8mj.tdf"/>
		<CBX_INST_ENTRY INSTANCE_NAME="|FFT|FFT4:fft2|asj_fft_si_se_so_b_fft_131:asj_fft_si_se_so_b_fft_131_inst|asj_fft_dft_bfp_fft_131:bfpdft|asj_fft_cmult_std_fft_131:\gen_da0:gen_std:cm3|asj_fft_mult_add_fft_131:\gen_ma:gen_ma_full:ms|altmult_add:ALTMULT_ADD_component" CBX_FILE_NAME="mult_add_ahq2.tdf"/>
		<CBX_INST_ENTRY INSTANCE_NAME="|FFT|FFT4:fft2|asj_fft_si_se_so_b_fft_131:asj_fft_si_se_so_b_fft_131_inst|asj_fft_dft_bfp_fft_131:bfpdft|asj_fft_cmult_std_fft_131:\gen_da0:gen_std:cm3|asj_fft_pround_fft_131:\gen_ma:gen_ma_full:u0|LPM_ADD_SUB:\gbrnd:nev:gp:lpm_add_sub_component" CBX_FILE_NAME="add_sub_8mj.tdf"/>
		<CBX_INST_ENTRY INSTANCE_NAME="|FFT|FFT4:fft2|asj_fft_si_se_so_b_fft_131:asj_fft_si_se_so_b_fft_131_inst|asj_fft_dft_bfp_fft_131:bfpdft|asj_fft_pround_fft_131:\gen_full_rnd:gen_rounding_blk:0:u1|LPM_ADD_SUB:\gbrnd:nev:gp:lpm_add_sub_component" CBX_FILE_NAME="add_sub_9mj.tdf"/>
		<CBX_INST_ENTRY INSTANCE_NAME="|FFT|FFT4:fft2|asj_fft_si_se_so_b_fft_131:asj_fft_si_se_so_b_fft_131_inst|asj_fft_dft_bfp_fft_131:bfpdft|asj_fft_pround_fft_131:\gen_full_rnd:gen_rounding_blk:1:u0|LPM_ADD_SUB:\gbrnd:nev:gp:lpm_add_sub_component" CBX_FILE_NAME="add_sub_9mj.tdf"/>
		<CBX_INST_ENTRY INSTANCE_NAME="|FFT|FFT4:fft2|asj_fft_si_se_so_b_fft_131:asj_fft_si_se_so_b_fft_131_inst|asj_fft_3dp_rom_fft_131:twrom|twid_rom_fft_131:\gen_M4K:sin_1n|altsyncram:\gen_auto:altsyncram_component" CBX_FILE_NAME="altsyncram_0391.tdf"/>
		<CBX_INST_ENTRY INSTANCE_NAME="|FFT|FFT4:fft2|asj_fft_si_se_so_b_fft_131:asj_fft_si_se_so_b_fft_131_inst|asj_fft_4dp_ram_fft_131:dat_A|asj_fft_data_ram_fft_131:\gen_rams:0:dat_A|altsyncram:\gen_M4K:altsyncram_component" CBX_FILE_NAME="altsyncram_7ju3.tdf"/>
		<CBX_INST_ENTRY INSTANCE_NAME="|FFT|FFT4:fft2|asj_fft_si_se_so_b_fft_131:asj_fft_si_se_so_b_fft_131_inst|asj_fft_dft_bfp_fft_131:bfpdft|asj_fft_cmult_std_fft_131:\gen_da0:gen_std:cm3|asj_fft_pround_fft_131:\gen_ma:gen_ma_full:u1|LPM_ADD_SUB:\gbrnd:nev:gp:lpm_add_sub_component" CBX_FILE_NAME="add_sub_8mj.tdf"/>
		<CBX_INST_ENTRY INSTANCE_NAME="|FFT|FFT4:fft2|asj_fft_si_se_so_b_fft_131:asj_fft_si_se_so_b_fft_131_inst|asj_fft_dft_bfp_fft_131:bfpdft|asj_fft_pround_fft_131:\gen_full_rnd:gen_rounding_blk:1:u1|LPM_ADD_SUB:\gbrnd:nev:gp:lpm_add_sub_component" CBX_FILE_NAME="add_sub_9mj.tdf"/>
		<CBX_INST_ENTRY INSTANCE_NAME="|FFT|FFT4:fft2|asj_fft_si_se_so_b_fft_131:asj_fft_si_se_so_b_fft_131_inst|asj_fft_dft_bfp_fft_131:bfpdft|asj_fft_pround_fft_131:\gen_full_rnd:gen_rounding_blk:2:u0|LPM_ADD_SUB:\gbrnd:nev:gp:lpm_add_sub_component" CBX_FILE_NAME="add_sub_9mj.tdf"/>
		<CBX_INST_ENTRY INSTANCE_NAME="|FFT|FFT4:fft2|asj_fft_si_se_so_b_fft_131:asj_fft_si_se_so_b_fft_131_inst|asj_fft_3dp_rom_fft_131:twrom|twid_rom_fft_131:\gen_M4K:sin_2n|altsyncram:\gen_auto:altsyncram_component" CBX_FILE_NAME="altsyncram_1391.tdf"/>
		<CBX_INST_ENTRY INSTANCE_NAME="|FFT|FFT4:fft2|asj_fft_si_se_so_b_fft_131:asj_fft_si_se_so_b_fft_131_inst|asj_fft_4dp_ram_fft_131:dat_A|asj_fft_data_ram_fft_131:\gen_rams:1:dat_A|altsyncram:\gen_M4K:altsyncram_component" CBX_FILE_NAME="altsyncram_7ju3.tdf"/>
		<CBX_INST_ENTRY INSTANCE_NAME="|FFT|FFT4:fft2|asj_fft_si_se_so_b_fft_131:asj_fft_si_se_so_b_fft_131_inst|asj_fft_dft_bfp_fft_131:bfpdft|asj_fft_pround_fft_131:\gen_full_rnd:gen_rounding_blk:2:u1|LPM_ADD_SUB:\gbrnd:nev:gp:lpm_add_sub_component" CBX_FILE_NAME="add_sub_9mj.tdf"/>
		<CBX_INST_ENTRY INSTANCE_NAME="|FFT|FFT4:fft2|asj_fft_si_se_so_b_fft_131:asj_fft_si_se_so_b_fft_131_inst|asj_fft_dft_bfp_fft_131:bfpdft|asj_fft_pround_fft_131:\gen_full_rnd:gen_rounding_blk:3:u0|LPM_ADD_SUB:\gbrnd:nev:gp:lpm_add_sub_component" CBX_FILE_NAME="add_sub_9mj.tdf"/>
		<CBX_INST_ENTRY INSTANCE_NAME="|FFT|FFT4:fft2|asj_fft_si_se_so_b_fft_131:asj_fft_si_se_so_b_fft_131_inst|asj_fft_3dp_rom_fft_131:twrom|twid_rom_fft_131:\gen_M4K:sin_3n|altsyncram:\gen_auto:altsyncram_component" CBX_FILE_NAME="altsyncram_2391.tdf"/>
		<CBX_INST_ENTRY INSTANCE_NAME="|FFT|FFT4:fft2|asj_fft_si_se_so_b_fft_131:asj_fft_si_se_so_b_fft_131_inst|asj_fft_4dp_ram_fft_131:dat_A|asj_fft_data_ram_fft_131:\gen_rams:2:dat_A|altsyncram:\gen_M4K:altsyncram_component" CBX_FILE_NAME="altsyncram_7ju3.tdf"/>
		<CBX_INST_ENTRY INSTANCE_NAME="|FFT|FFT4:fft2|asj_fft_si_se_so_b_fft_131:asj_fft_si_se_so_b_fft_131_inst|asj_fft_dft_bfp_fft_131:bfpdft|asj_fft_pround_fft_131:\gen_full_rnd:gen_rounding_blk:3:u1|LPM_ADD_SUB:\gbrnd:nev:gp:lpm_add_sub_component" CBX_FILE_NAME="add_sub_9mj.tdf"/>
		<CBX_INST_ENTRY INSTANCE_NAME="|FFT|FFT4:fft2|asj_fft_si_se_so_b_fft_131:asj_fft_si_se_so_b_fft_131_inst|asj_fft_lpp_serial_fft_131:\gen_radix_4_last_pass:lpp|asj_fft_pround_fft_131:\gen_full_rnd:u0|LPM_ADD_SUB:\gbrnd:nev:gp:lpm_add_sub_component" CBX_FILE_NAME="add_sub_9mj.tdf"/>
		<CBX_INST_ENTRY INSTANCE_NAME="|FFT|altsyncram:X_mag_rtl_0" CBX_FILE_NAME="altsyncram_8bi1.tdf"/>
		<CBX_INST_ENTRY INSTANCE_NAME="|FFT|FFT4:fft2|asj_fft_si_se_so_b_fft_131:asj_fft_si_se_so_b_fft_131_inst|asj_fft_3dp_rom_fft_131:twrom|twid_rom_fft_131:\gen_M4K:cos_1n|altsyncram:\gen_auto:altsyncram_component" CBX_FILE_NAME="altsyncram_r291.tdf"/>
		<CBX_INST_ENTRY INSTANCE_NAME="|FFT|FFT4:fft2|asj_fft_si_se_so_b_fft_131:asj_fft_si_se_so_b_fft_131_inst|asj_fft_4dp_ram_fft_131:dat_A|asj_fft_data_ram_fft_131:\gen_rams:3:dat_A|altsyncram:\gen_M4K:altsyncram_component" CBX_FILE_NAME="altsyncram_7ju3.tdf"/>
		<CBX_INST_ENTRY INSTANCE_NAME="|FFT|FFT4:fft2|asj_fft_si_se_so_b_fft_131:asj_fft_si_se_so_b_fft_131_inst|asj_fft_dft_bfp_fft_131:bfpdft|asj_fft_cmult_std_fft_131:\gen_da0:gen_std:cm1|asj_fft_mult_add_fft_131:\gen_ma:gen_ma_full:ma|altmult_add:ALTMULT_ADD_component" CBX_FILE_NAME="mult_add_9gq2.tdf"/>
		<CBX_INST_ENTRY INSTANCE_NAME="|FFT|FFT4:fft2|asj_fft_si_se_so_b_fft_131:asj_fft_si_se_so_b_fft_131_inst|asj_fft_lpp_serial_fft_131:\gen_radix_4_last_pass:lpp|asj_fft_pround_fft_131:\gen_full_rnd:u1|LPM_ADD_SUB:\gbrnd:nev:gp:lpm_add_sub_component" CBX_FILE_NAME="add_sub_9mj.tdf"/>
		<CBX_INST_ENTRY INSTANCE_NAME="|FFT|FFT4:fft2|asj_fft_si_se_so_b_fft_131:asj_fft_si_se_so_b_fft_131_inst|asj_fft_3dp_rom_fft_131:twrom|twid_rom_fft_131:\gen_M4K:cos_2n|altsyncram:\gen_auto:altsyncram_component" CBX_FILE_NAME="altsyncram_s291.tdf"/>
		<CBX_INST_ENTRY INSTANCE_NAME="|FFT|FFT4:fft2|asj_fft_si_se_so_b_fft_131:asj_fft_si_se_so_b_fft_131_inst|asj_fft_dft_bfp_fft_131:bfpdft|asj_fft_cmult_std_fft_131:\gen_da0:gen_std:cm2|asj_fft_mult_add_fft_131:\gen_ma:gen_ma_full:ma|altmult_add:ALTMULT_ADD_component" CBX_FILE_NAME="mult_add_9gq2.tdf"/>
		<CBX_INST_ENTRY INSTANCE_NAME="|FFT|altsyncram:X_in_rtl_0" CBX_FILE_NAME="altsyncram_nod1.tdf"/>
		<CBX_INST_ENTRY INSTANCE_NAME="|FFT|FFT4:fft2|asj_fft_si_se_so_b_fft_131:asj_fft_si_se_so_b_fft_131_inst|asj_fft_3dp_rom_fft_131:twrom|twid_rom_fft_131:\gen_M4K:cos_3n|altsyncram:\gen_auto:altsyncram_component" CBX_FILE_NAME="altsyncram_3391.tdf"/>
		<CBX_INST_ENTRY INSTANCE_NAME="|FFT|FFT4:fft2|asj_fft_si_se_so_b_fft_131:asj_fft_si_se_so_b_fft_131_inst|asj_fft_dft_bfp_fft_131:bfpdft|asj_fft_cmult_std_fft_131:\gen_da0:gen_std:cm1|asj_fft_mult_add_fft_131:\gen_ma:gen_ma_full:ms|altmult_add:ALTMULT_ADD_component" CBX_FILE_NAME="mult_add_ahq2.tdf"/>
		<CBX_INST_ENTRY INSTANCE_NAME="|FFT|FFT4:fft2|asj_fft_si_se_so_b_fft_131:asj_fft_si_se_so_b_fft_131_inst|asj_fft_dft_bfp_fft_131:bfpdft|asj_fft_cmult_std_fft_131:\gen_da0:gen_std:cm1|asj_fft_pround_fft_131:\gen_ma:gen_ma_full:u0|LPM_ADD_SUB:\gbrnd:nev:gp:lpm_add_sub_component" CBX_FILE_NAME="add_sub_8mj.tdf"/>
		<CBX_INST_ENTRY INSTANCE_NAME="|FFT|FFT4:fft2|asj_fft_si_se_so_b_fft_131:asj_fft_si_se_so_b_fft_131_inst|asj_fft_dft_bfp_fft_131:bfpdft|asj_fft_cmult_std_fft_131:\gen_da0:gen_std:cm3|asj_fft_mult_add_fft_131:\gen_ma:gen_ma_full:ma|altmult_add:ALTMULT_ADD_component" CBX_FILE_NAME="mult_add_9gq2.tdf"/>
		<CBX_INST_ENTRY INSTANCE_NAME="|FFT|FFT4:fft2|asj_fft_si_se_so_b_fft_131:asj_fft_si_se_so_b_fft_131_inst|asj_fft_dft_bfp_fft_131:bfpdft|asj_fft_cmult_std_fft_131:\gen_da0:gen_std:cm2|asj_fft_mult_add_fft_131:\gen_ma:gen_ma_full:ms|altmult_add:ALTMULT_ADD_component" CBX_FILE_NAME="mult_add_ahq2.tdf"/>
		<CBX_INST_ENTRY INSTANCE_NAME="|FFT|FFT4:fft2|asj_fft_si_se_so_b_fft_131:asj_fft_si_se_so_b_fft_131_inst|asj_fft_dft_bfp_fft_131:bfpdft|asj_fft_pround_fft_131:\gen_full_rnd:gen_rounding_blk:0:u0|LPM_ADD_SUB:\gbrnd:nev:gp:lpm_add_sub_component" CBX_FILE_NAME="add_sub_9mj.tdf"/>
	</PROJECT>
</LOG_ROOT>
